{
	"partitions" : [
		{
			"name" : "Top",
			"pins" : [
				{
					"name" : "dataout[0]",
					"strict" : false
				},
				{
					"name" : "dataout[1]",
					"strict" : false
				},
				{
					"name" : "dataout[2]",
					"strict" : false
				},
				{
					"name" : "dataout[3]",
					"strict" : false
				},
				{
					"name" : "dataout[4]",
					"strict" : false
				},
				{
					"name" : "dataout[5]",
					"strict" : false
				},
				{
					"name" : "dataout[6]",
					"strict" : false
				},
				{
					"name" : "dataout[7]",
					"strict" : false
				},
				{
					"name" : "output_valid",
					"strict" : false
				},
				{
					"name" : "busy",
					"strict" : false
				},
				{
					"name" : "clk",
					"strict" : false
				},
				{
					"name" : "reset",
					"strict" : false
				},
				{
					"name" : "cmd_valid",
					"strict" : false
				},
				{
					"name" : "cmd[0]",
					"strict" : false
				},
				{
					"name" : "cmd[2]",
					"strict" : false
				},
				{
					"name" : "cmd[1]",
					"strict" : false
				},
				{
					"name" : "datain[0]",
					"strict" : false
				},
				{
					"name" : "datain[1]",
					"strict" : false
				},
				{
					"name" : "datain[2]",
					"strict" : false
				},
				{
					"name" : "datain[3]",
					"strict" : false
				},
				{
					"name" : "datain[4]",
					"strict" : false
				},
				{
					"name" : "datain[5]",
					"strict" : false
				},
				{
					"name" : "datain[6]",
					"strict" : false
				},
				{
					"name" : "datain[7]",
					"strict" : false
				}
			]
		}
	]
}