{
	"partitions" : [
		{
			"name" : "Top",
			"pins" : [
				{
					"name" : "IROM_EN",
					"strict" : false
				},
				{
					"name" : "IROM_A[0]",
					"strict" : false
				},
				{
					"name" : "IROM_A[1]",
					"strict" : false
				},
				{
					"name" : "IROM_A[2]",
					"strict" : false
				},
				{
					"name" : "IROM_A[3]",
					"strict" : false
				},
				{
					"name" : "IROM_A[4]",
					"strict" : false
				},
				{
					"name" : "IROM_A[5]",
					"strict" : false
				},
				{
					"name" : "IRB_RW",
					"strict" : false
				},
				{
					"name" : "IRB_D[0]",
					"strict" : false
				},
				{
					"name" : "IRB_D[1]",
					"strict" : false
				},
				{
					"name" : "IRB_D[2]",
					"strict" : false
				},
				{
					"name" : "IRB_D[3]",
					"strict" : false
				},
				{
					"name" : "IRB_D[4]",
					"strict" : false
				},
				{
					"name" : "IRB_D[5]",
					"strict" : false
				},
				{
					"name" : "IRB_D[6]",
					"strict" : false
				},
				{
					"name" : "IRB_D[7]",
					"strict" : false
				},
				{
					"name" : "IRB_A[0]",
					"strict" : false
				},
				{
					"name" : "IRB_A[1]",
					"strict" : false
				},
				{
					"name" : "IRB_A[2]",
					"strict" : false
				},
				{
					"name" : "IRB_A[3]",
					"strict" : false
				},
				{
					"name" : "IRB_A[4]",
					"strict" : false
				},
				{
					"name" : "IRB_A[5]",
					"strict" : false
				},
				{
					"name" : "busy",
					"strict" : false
				},
				{
					"name" : "done",
					"strict" : false
				},
				{
					"name" : "clk",
					"strict" : false
				},
				{
					"name" : "reset",
					"strict" : false
				},
				{
					"name" : "cmd[2]",
					"strict" : false
				},
				{
					"name" : "cmd[0]",
					"strict" : false
				},
				{
					"name" : "cmd[1]",
					"strict" : false
				},
				{
					"name" : "cmd_valid",
					"strict" : false
				},
				{
					"name" : "IROM_Q[0]",
					"strict" : false
				},
				{
					"name" : "IROM_Q[1]",
					"strict" : false
				},
				{
					"name" : "IROM_Q[2]",
					"strict" : false
				},
				{
					"name" : "IROM_Q[3]",
					"strict" : false
				},
				{
					"name" : "IROM_Q[4]",
					"strict" : false
				},
				{
					"name" : "IROM_Q[5]",
					"strict" : false
				},
				{
					"name" : "IROM_Q[6]",
					"strict" : false
				},
				{
					"name" : "IROM_Q[7]",
					"strict" : false
				}
			]
		}
	]
}