{
	"partitions" : [
		{
			"name" : "Top",
			"pins" : [
				{
					"name" : "Y[0]",
					"strict" : false
				},
				{
					"name" : "Y[1]",
					"strict" : false
				},
				{
					"name" : "Y[2]",
					"strict" : false
				},
				{
					"name" : "Y[3]",
					"strict" : false
				},
				{
					"name" : "Y[4]",
					"strict" : false
				},
				{
					"name" : "Y[5]",
					"strict" : false
				},
				{
					"name" : "Y[6]",
					"strict" : false
				},
				{
					"name" : "Y[7]",
					"strict" : false
				},
				{
					"name" : "Y[8]",
					"strict" : false
				},
				{
					"name" : "Y[9]",
					"strict" : false
				},
				{
					"name" : "appr[0]",
					"strict" : false
				},
				{
					"name" : "appr[1]",
					"strict" : false
				},
				{
					"name" : "appr[2]",
					"strict" : false
				},
				{
					"name" : "appr[3]",
					"strict" : false
				},
				{
					"name" : "appr[4]",
					"strict" : false
				},
				{
					"name" : "appr[5]",
					"strict" : false
				},
				{
					"name" : "appr[6]",
					"strict" : false
				},
				{
					"name" : "appr[7]",
					"strict" : false
				},
				{
					"name" : "avg[0]",
					"strict" : false
				},
				{
					"name" : "avg[1]",
					"strict" : false
				},
				{
					"name" : "avg[2]",
					"strict" : false
				},
				{
					"name" : "avg[3]",
					"strict" : false
				},
				{
					"name" : "avg[4]",
					"strict" : false
				},
				{
					"name" : "avg[5]",
					"strict" : false
				},
				{
					"name" : "avg[6]",
					"strict" : false
				},
				{
					"name" : "avg[7]",
					"strict" : false
				},
				{
					"name" : "clk",
					"strict" : false
				},
				{
					"name" : "X[7]",
					"strict" : false
				},
				{
					"name" : "X[6]",
					"strict" : false
				},
				{
					"name" : "X[5]",
					"strict" : false
				},
				{
					"name" : "X[4]",
					"strict" : false
				},
				{
					"name" : "X[3]",
					"strict" : false
				},
				{
					"name" : "X[2]",
					"strict" : false
				},
				{
					"name" : "X[1]",
					"strict" : false
				},
				{
					"name" : "X[0]",
					"strict" : false
				},
				{
					"name" : "reset",
					"strict" : false
				}
			]
		}
	]
}