{
	"partitions" : [
		{
			"name" : "Top",
			"pins" : [
				{
					"name" : "protect[0]",
					"strict" : false
				},
				{
					"name" : "protect[1]",
					"strict" : false
				},
				{
					"name" : "protect[2]",
					"strict" : false
				},
				{
					"name" : "protect[3]",
					"strict" : false
				},
				{
					"name" : "protect[4]",
					"strict" : false
				},
				{
					"name" : "protect[5]",
					"strict" : false
				},
				{
					"name" : "protect[6]",
					"strict" : false
				},
				{
					"name" : "protect[7]",
					"strict" : false
				},
				{
					"name" : "result[0]",
					"strict" : false
				},
				{
					"name" : "result[1]",
					"strict" : false
				},
				{
					"name" : "result[2]",
					"strict" : false
				},
				{
					"name" : "result[3]",
					"strict" : false
				},
				{
					"name" : "result[4]",
					"strict" : false
				},
				{
					"name" : "result[5]",
					"strict" : false
				},
				{
					"name" : "result[6]",
					"strict" : false
				},
				{
					"name" : "result[7]",
					"strict" : false
				},
				{
					"name" : "result[8]",
					"strict" : false
				},
				{
					"name" : "result[9]",
					"strict" : false
				},
				{
					"name" : "result[10]",
					"strict" : false
				},
				{
					"name" : "result[11]",
					"strict" : false
				},
				{
					"name" : "result[12]",
					"strict" : false
				},
				{
					"name" : "result[13]",
					"strict" : false
				},
				{
					"name" : "result[14]",
					"strict" : false
				},
				{
					"name" : "result[15]",
					"strict" : false
				},
				{
					"name" : "result[16]",
					"strict" : false
				},
				{
					"name" : "result[17]",
					"strict" : false
				},
				{
					"name" : "result[18]",
					"strict" : false
				},
				{
					"name" : "result[19]",
					"strict" : false
				},
				{
					"name" : "result[20]",
					"strict" : false
				},
				{
					"name" : "result[21]",
					"strict" : false
				},
				{
					"name" : "result[22]",
					"strict" : false
				},
				{
					"name" : "result[23]",
					"strict" : false
				},
				{
					"name" : "result[24]",
					"strict" : false
				},
				{
					"name" : "result[25]",
					"strict" : false
				},
				{
					"name" : "result[26]",
					"strict" : false
				},
				{
					"name" : "result[27]",
					"strict" : false
				},
				{
					"name" : "result[28]",
					"strict" : false
				},
				{
					"name" : "result[29]",
					"strict" : false
				},
				{
					"name" : "result[30]",
					"strict" : false
				},
				{
					"name" : "result[31]",
					"strict" : false
				},
				{
					"name" : "reset_n",
					"strict" : false
				},
				{
					"name" : "clk",
					"strict" : false
				},
				{
					"name" : "stall",
					"strict" : false
				},
				{
					"name" : "instruction[1]",
					"strict" : false
				},
				{
					"name" : "instruction[0]",
					"strict" : false
				},
				{
					"name" : "instruction[2]",
					"strict" : false
				},
				{
					"name" : "multiplier[7]",
					"strict" : false
				},
				{
					"name" : "multiplicand[7]",
					"strict" : false
				},
				{
					"name" : "multiplier[15]",
					"strict" : false
				},
				{
					"name" : "multiplicand[15]",
					"strict" : false
				},
				{
					"name" : "multiplier[0]",
					"strict" : false
				},
				{
					"name" : "multiplier[1]",
					"strict" : false
				},
				{
					"name" : "multiplier[2]",
					"strict" : false
				},
				{
					"name" : "multiplier[3]",
					"strict" : false
				},
				{
					"name" : "multiplier[4]",
					"strict" : false
				},
				{
					"name" : "multiplier[5]",
					"strict" : false
				},
				{
					"name" : "multiplier[6]",
					"strict" : false
				},
				{
					"name" : "multiplicand[0]",
					"strict" : false
				},
				{
					"name" : "multiplicand[1]",
					"strict" : false
				},
				{
					"name" : "multiplicand[2]",
					"strict" : false
				},
				{
					"name" : "multiplicand[3]",
					"strict" : false
				},
				{
					"name" : "multiplicand[4]",
					"strict" : false
				},
				{
					"name" : "multiplicand[5]",
					"strict" : false
				},
				{
					"name" : "multiplicand[6]",
					"strict" : false
				},
				{
					"name" : "multiplier[8]",
					"strict" : false
				},
				{
					"name" : "multiplier[9]",
					"strict" : false
				},
				{
					"name" : "multiplier[10]",
					"strict" : false
				},
				{
					"name" : "multiplier[11]",
					"strict" : false
				},
				{
					"name" : "multiplier[12]",
					"strict" : false
				},
				{
					"name" : "multiplier[13]",
					"strict" : false
				},
				{
					"name" : "multiplier[14]",
					"strict" : false
				},
				{
					"name" : "multiplicand[8]",
					"strict" : false
				},
				{
					"name" : "multiplicand[9]",
					"strict" : false
				},
				{
					"name" : "multiplicand[10]",
					"strict" : false
				},
				{
					"name" : "multiplicand[11]",
					"strict" : false
				},
				{
					"name" : "multiplicand[12]",
					"strict" : false
				},
				{
					"name" : "multiplicand[13]",
					"strict" : false
				},
				{
					"name" : "multiplicand[14]",
					"strict" : false
				}
			]
		}
	]
}