{
	"partitions" : [
		{
			"name" : "Top",
			"pins" : [
				{
					"name" : "busy",
					"strict" : false
				},
				{
					"name" : "po",
					"strict" : false
				},
				{
					"name" : "xo[0]",
					"strict" : false
				},
				{
					"name" : "xo[1]",
					"strict" : false
				},
				{
					"name" : "xo[2]",
					"strict" : false
				},
				{
					"name" : "xo[3]",
					"strict" : false
				},
				{
					"name" : "xo[4]",
					"strict" : false
				},
				{
					"name" : "xo[5]",
					"strict" : false
				},
				{
					"name" : "xo[6]",
					"strict" : false
				},
				{
					"name" : "xo[7]",
					"strict" : false
				},
				{
					"name" : "yo[0]",
					"strict" : false
				},
				{
					"name" : "yo[1]",
					"strict" : false
				},
				{
					"name" : "yo[2]",
					"strict" : false
				},
				{
					"name" : "yo[3]",
					"strict" : false
				},
				{
					"name" : "yo[4]",
					"strict" : false
				},
				{
					"name" : "yo[5]",
					"strict" : false
				},
				{
					"name" : "yo[6]",
					"strict" : false
				},
				{
					"name" : "yo[7]",
					"strict" : false
				},
				{
					"name" : "nt",
					"strict" : false
				},
				{
					"name" : "clk",
					"strict" : false
				},
				{
					"name" : "reset",
					"strict" : false
				},
				{
					"name" : "yi[0]",
					"strict" : false
				},
				{
					"name" : "yi[1]",
					"strict" : false
				},
				{
					"name" : "yi[2]",
					"strict" : false
				},
				{
					"name" : "yi[3]",
					"strict" : false
				},
				{
					"name" : "yi[4]",
					"strict" : false
				},
				{
					"name" : "yi[5]",
					"strict" : false
				},
				{
					"name" : "yi[6]",
					"strict" : false
				},
				{
					"name" : "yi[7]",
					"strict" : false
				},
				{
					"name" : "xi[1]",
					"strict" : false
				},
				{
					"name" : "xi[0]",
					"strict" : false
				},
				{
					"name" : "xi[3]",
					"strict" : false
				},
				{
					"name" : "xi[2]",
					"strict" : false
				},
				{
					"name" : "xi[4]",
					"strict" : false
				},
				{
					"name" : "xi[5]",
					"strict" : false
				},
				{
					"name" : "xi[6]",
					"strict" : false
				},
				{
					"name" : "xi[7]",
					"strict" : false
				}
			]
		}
	]
}